"A","B","C","D","E","x","y","z","e"
"norf","B","Z","D3","e1",0.862540825735778,0.0496296012668694,9,0.548984354361892
"bar","B","Z","D1","e4",0.951600097352639,-1.38556105588502,5,0.447510095778853
"foo","B","W","D2","e2",0.72404577000998,2.21751131821414,7,0.110692586284131
"foo","B","A","D2","e2",0.916980707785115,0.947031772145863,1,0.515296382363886
"baz","B","W","D1","e2",0.700356907909736,-0.086733302158211,5,0.0170207349583507
"foo","F","Z","D1","e1",0.907205450348556,-1.10438501739856,3,0.136041040997952
"foo","B","A","D2","e3",0.929060756228864,-0.247283104596559,5,2.04085756643655
"bar","B","A","D3","e2",0.958966568578035,1.04751372928104,7,0.5120640527457
"foo","B","A","D2","e3",0.218826144002378,-1.19168115203444,4,0.864344993564201
"qux","F","A","D3","e2",0.789455934194848,-0.353977035453855,5,4.95637739903685
"bar","B","W","D1","e3",0.513969177380204,0.483825037197079,11,0.478198429103941
"foo","F","Z","D3","e3",0.949391703354195,0.82396779067733,7,1.17744976091654
"qux","B","W","D2","e1",0.552434732206166,-0.482231614376159,3,0.500962782251397
"qux","F","Z","D2","e3",0.7266875365749,0.973090498178363,3,0.370223711710423
"foo","B","W","D1","e4",0.72655128641054,-1.34174884903579,5,0.510824352502823
"bar","B","W","D1","e4",0.783520843368024,1.51787400499777,4,1.7312552956512
"bar","B","A","D3","e1",0.591983052203432,0.0435793086885937,5,0.784935098099423
"foo","B","Z","D3","e4",0.977330205962062,1.36215695480397,8,0.238767938222736
"norf","B","W","D1","e2",0.153824791312218,-1.71303006043534,4,4.43124808718391
"bar","B","A","D2","e2",0.800560185685754,-0.130587242082915,7,1.30573529280247
"foo","B","Z","D3","e3",0.678056757431477,0.436562724618441,8,0.196223662195867
"qux","B","W","D1","e1",0.108379796613008,-0.867596400258886,4,1.60105297519805
"bar","B","Z","D1","e3",0.251454866724089,-0.558744515409679,9,0.544536013621837
"bar","F","A","D1","e4",0.981774345738813,0.90333659687662,7,0.133075111341572
"norf","B","Z","D3","e2",0.387869567843154,0.0666582439985668,7,0.49909441973653
"baz","B","W","D3","e3",0.597401479026303,-0.539098188583595,4,1.89434073298218
"foo","B","W","D2","e1",0.587847087299451,-1.17587287288016,9,3.80056411565697
"foo","B","W","D1","e2",0.00172216980718076,0.0731680394897628,5,0.374522702302784
"foo","F","A","D1","e1",0.505284832324833,0.734748804256442,4,0.338211753423778
"bar","F","W","D1","e2",0.0377813701052219,-0.573009045394772,7,1.13537272061677
"foo","F","W","D3","e1",0.0741982306353748,-2.24466772354716,12,0.863640895839131
"foo","F","W","D2","e2",0.27041819319129,-0.0696297676582265,5,0.18619050225243
"qux","F","A","D1","e2",0.0788447598461062,0.619604479062904,2,0.589052321389318
"foo","B","Z","D3","e3",0.151727595832199,-0.0217870973736527,5,0.116113509456958
"bar","B","Z","D1","e2",0.925094166072085,0.854965241194277,4,0.129504368174821
"bar","F","W","D2","e3",0.611303249606863,0.676071860927668,3,0.535594280343503
"qux","F","W","D1","e1",0.524475619429722,-0.786852941239814,2,2.95014592988377
"qux","B","Z","D3","e4",0.575582966441289,0.175059581756397,6,1.15133478860827
"foo","F","W","D3","e4",0.145690835081041,-0.0446029608845509,6,0.42097448464483
"norf","F","W","D2","e3",0.370871922932565,-1.54648880096348,5,1.65079100794139
"foo","B","Z","D1","e2",0.0442543188109994,-0.51705206969207,3,0.544068728107959
"foo","B","W","D1","e4",0.12913571880199,-0.202166736032338,5,2.61015186259959
"foo","F","A","D3","e4",0.426360288402066,-0.750239271304685,8,3.36237177981024
"qux","F","Z","D3","e1",0.530652847141027,0.0450032147247322,13,0.769695361102832
"foo","B","W","D3","e2",0.905834402423352,-0.405347686881037,7,0.0419529131613672
"baz","B","A","D1","e3",0.888878108933568,0.0952903241467411,5,0.619713828898966
"foo","B","Z","D2","e2",0.855118944076821,-1.27641218100824,2,0.217655545336787
"foo","F","A","D3","e4",0.959619741886854,-0.0185281048669228,4,0.342253126302094
"bar","F","W","D2","e4",0.772064953111112,0.041012179434494,5,1.3070543417287
"baz","F","W","D3","e1",0.0800787345506251,-0.178104356978069,4,1.15856288089873
"baz","B","A","D2","e1",0.300072744255885,-1.09112223518872,3,0.00385478882458133
"foo","F","A","D1","e1",0.532720478950068,-0.904582748812412,4,0.944619885603798
"foo","B","Z","D1","e3",0.915892619872466,-0.366774967900935,9,0.870331908534181
"foo","F","W","D1","e2",0.405510908691213,-1.15255243219647,2,0.145048645469505
"bar","F","Z","D1","e4",0.947836418403313,1.2966825621249,8,4.15345734895623
"baz","B","Z","D3","e2",0.143664946779609,0.781037379155681,7,1.34606550164045
"bar","B","A","D2","e2",0.803755874978378,-1.83798389765135,3,2.90193475766068
"bar","B","W","D3","e3",0.00033374666236341,0.270812656227157,5,0.735864570956379
"foo","B","W","D1","e2",0.836558368988335,0.492173439124844,4,0.507835424970835
"bar","F","Z","D3","e1",0.359331507468596,0.0670405122792747,1,1.19796910505266
"bar","F","A","D1","e4",0.00582420057617128,0.0628336511687588,4,3.46339520050173
"baz","F","A","D2","e3",0.889453422976658,1.31091860404551,4,1.02971558166777
"foo","B","A","D3","e2",0.195867863949388,3.54113736777684,1,0.300360402221672
"baz","F","Z","D2","e1",0.529321206733584,0.35230575790431,5,1.25845148968966
"foo","F","W","D1","e1",0.590299675706774,0.999722995077622,6,2.01445312603357
"foo","B","Z","D2","e3",0.593914221040905,0.770253369352745,5,0.61291627259925
"foo","B","A","D1","e1",0.0896990087348968,0.163736249899794,3,2.83242468519096
"bar","F","W","D3","e3",0.419938368722796,-1.34856829961769,8,1.39165438889506
"qux","B","A","D3","e3",0.787654366809875,0.967494986968887,11,0.995103757156202
"foo","F","Z","D3","e2",0.958113084547222,1.88944153219574,9,1.13259182838586
"foo","F","Z","D2","e3",0.564769053366035,-0.615830326159308,7,0.864636993524946
"foo","F","Z","D1","e3",0.225157575216144,-2.00901858607787,9,1.03281843658061
"baz","F","W","D2","e1",0.0441280240193009,1.40212565907995,6,0.844510684679163
"qux","B","W","D3","e1",0.900893070502207,0.116185835695803,3,1.86970701060238
"foo","F","Z","D1","e4",0.843090643640608,0.861451869220124,10,0.636314092669636
"bar","F","W","D3","e1",0.898933064891025,-0.605836267408783,2,1.01303961123796
"qux","F","Z","D2","e4",0.460201253648847,-0.296544915044384,6,1.25627878676624
"foo","B","W","D2","e4",0.10302638891153,-1.51258602478658,9,0.331133624073118
"baz","B","A","D2","e4",0.82048912672326,2.8390064465272,4,1.56480164444985
"qux","F","Z","D1","e4",0.170749112963676,1.632025834672,4,0.127411866094917
"baz","B","Z","D3","e3",0.150564404670149,1.40786619601546,4,1.27340002726288
"foo","B","A","D2","e2",0.525301177753136,-0.681411295384367,5,0.0816951193846762
"bar","B","W","D2","e4",0.257716007065028,1.32520346604208,6,2.05448520733955
"baz","F","W","D2","e1",0.257424345938489,0.718782637040627,3,0.277698308546874
"bar","F","W","D1","e2",0.00227533606812358,-1.19302111003075,5,0.33371444279328
"bar","B","Z","D2","e3",0.0348654242698103,1.48551624612522,3,0.928829494821739
"bar","F","W","D2","e3",0.37233653315343,0.491964706781553,8,0.32033219335767
"baz","B","W","D1","e3",0.113325734389946,1.06659043436257,9,1.21989638726683
"foo","F","W","D1","e2",0.525541824055836,1.07485561160718,5,0.953541734580576
"qux","F","Z","D3","e4",0.457328394986689,-1.39967893991063,8,0.699474344467595
"qux","B","Z","D3","e1",0.568201745860279,-1.25947572581226,5,0.500059327014185
"qux","F","A","D2","e3",0.519758411683142,0.955314443728364,2,0.305180186405778
"baz","F","A","D3","e3",0.529964501271024,-0.296546061153855,2,0.703740326178076
"bar","F","W","D3","e3",0.17695347359404,0.586243319872352,5,3.75717466117299
"foo","B","Z","D2","e2",0.279719205806032,0.630053022803109,4,1.07433194448213
"qux","B","A","D3","e3",0.577649717452005,1.7406258756532,6,0.631169686093926
"foo","B","A","D3","e1",0.053589885821566,0.875127593020471,4,0.661508306860924
"bar","B","Z","D2","e1",0.465546767925844,0.045903196466435,7,0.842904699924302
"baz","F","W","D2","e1",0.058803481515497,-0.797416739601641,7,0.119426425080746
"qux","F","W","D2","e4",0.032060271827504,2.1379953559311,6,0.923817537210202
"baz","B","Z","D3","e4",0.522557879099622,-0.536233580473647,7,0.122230133041739
"bar","F","Z","D2","e2",0.4830785933882,-0.470451931255168,2,3.17303350187441
"foo","F","A","D3","e1",0.729730455437675,0.0507856810076199,9,2.829758785497
"bar","F","A","D2","e1",0.373066173633561,-1.28058712679997,4,0.581418027635664
"bar","F","Z","D3","e1",0.334586796816438,0.179114534918189,3,0.230283587705344
"bar","F","A","D3","e3",0.514357378706336,0.641744852457164,7,0.971920379395497
"bar","B","A","D2","e2",0.530713519779965,0.873157347926375,4,2.05809631003978
"norf","F","W","D2","e3",0.251954594394192,-0.201875901049111,1,0.0849262131378055
"baz","F","A","D2","e4",0.481306606670842,-0.432021661475748,3,0.558695295825601
"foo","F","Z","D3","e2",0.843519636662677,2.0067485584189,6,0.0860285401918024
"bar","F","W","D3","e1",0.113595810718834,0.614661782878951,4,0.647120265755802
"baz","B","W","D1","e3",0.460527113173157,-1.13472118998944,8,0.452780881430954
"baz","F","W","D2","e3",0.661569695919752,0.508836834855822,3,1.13718206213624
"norf","F","Z","D2","e2",0.615762907080352,-0.395089685431222,4,0.851598143135503
"qux","B","A","D1","e1",0.808007353916764,-0.112478631119419,5,0.623270636890084
"norf","F","Z","D2","e2",0.615916163660586,-0.168141818514946,3,1.03763252771915
"baz","B","A","D1","e2",0.806984434602782,1.12990629130593,4,0.348353872080206
"bar","B","A","D3","e1",0.41096829646267,-0.570148466684096,7,0.519910906907171
"qux","F","A","D2","e3",0.132372082443908,0.883713242941236,1,0.663545907009393
"qux","F","Z","D3","e2",0.856773870298639,-0.9901247361576,2,1.03525059200348
"baz","F","W","D3","e2",0.00861178827472031,-1.5242129409857,5,0.388246272690594
"foo","B","Z","D2","e1",0.899882836267352,0.568210939471597,3,0.285330210346729
"bar","F","A","D3","e1",0.187874944880605,-1.95418031848489,8,0.947785884099913
"foo","F","A","D2","e2",0.140333676943555,1.241551314713,5,1.5886014997119
"norf","F","Z","D3","e1",0.0289217580575496,-0.0787938483287233,6,0.152215174399316
"foo","F","Z","D1","e3",0.225072679342702,0.256492759832989,5,0.213814459741116
"bar","B","Z","D2","e3",0.424322986975312,2.44337548737282,2,0.566023327875882
"qux","F","W","D1","e4",0.466461196076125,-0.605115898162169,6,0.368287870660424
"qux","B","A","D2","e3",0.940970442024991,-0.554811426411459,7,0.172350738497653
"bar","F","Z","D3","e4",0.624015059089288,-0.160500867828657,6,1.18479976053805
"baz","B","Z","D2","e1",0.541414629667997,0.90463978300962,7,1.85583363092485
"bar","F","Z","D3","e4",0.16231829021126,0.299862679213202,1,0.491350462660193
"norf","B","W","D3","e1",0.554423117078841,-1.11266044281097,4,0.494267364032567
"foo","F","Z","D1","e1",0.143187293084338,-0.294219822068768,1,0.258415424264967
"foo","B","A","D3","e4",0.91022028378211,-1.58920611325748,9,0.46242031827569
"foo","B","Z","D1","e4",0.964640992227942,0.679037810623784,3,1.35409221700848
"bar","B","A","D1","e3",0.46836940292269,0.128326686097261,5,0.988022130123638
"qux","F","A","D3","e1",0.928992183879018,-0.932949383791541,4,0.779448491479171
"bar","B","A","D2","e1",0.541688271099702,0.0769804038581695,7,0.623105606995523
"bar","B","W","D1","e1",0.946161372819915,-1.09626455174388,9,1.10837292946399
"norf","B","W","D2","e4",0.586827616905794,0.785080943193954,6,0.0034207349798083
"foo","B","A","D2","e4",0.21656340919435,0.457650331160525,3,1.1682873609987
"bar","F","A","D2","e2",0.895870186155662,1.75716711534258,3,3.48695929886258
"bar","F","Z","D2","e2",0.266334841959178,-0.415219986026229,3,0.976508552166534
"foo","F","A","D2","e3",0.048283196054399,-1.04809585389099,4,2.01676640092375
"baz","B","A","D1","e4",0.397388175828382,0.570991949081006,7,0.763693469534528
"bar","B","W","D1","e1",0.745954384794459,-0.192546569757218,8,1.12798658661069
"baz","B","A","D1","e1",0.797205647686496,-0.449048759846395,3,0.335774051133911
"foo","F","A","D2","e4",0.405299286590889,-0.758154066515169,5,1.33128934535654
"baz","F","A","D3","e1",0.377437852323055,0.705389833633343,3,2.83431065810804
"foo","F","Z","D1","e3",0.385518264723942,-0.448045254260105,1,1.05044285203786
"qux","F","W","D1","e3",0.714674581773579,-1.28520338680827,9,1.01719151060553
"bar","B","Z","D2","e1",0.0977330941241235,1.41840145654769,4,3.20426169766073
"baz","B","A","D1","e2",0.134878053795546,0.0685659440305063,4,3.26031757630786
"qux","B","A","D3","e4",0.82847701292485,-0.451980975129168,3,2.58060997525666
"foo","B","W","D3","e1",0.607344994321465,0.17672916839877,4,1.07028845134647
"baz","F","W","D1","e3",0.988923239056021,1.15918074458677,5,0.357397317886353
"baz","F","Z","D2","e4",0.797531068325043,-2.65611611837436,7,2.22087371624394
"bar","B","W","D2","e2",0.263513779267669,-0.302453583464672,5,0.639849131461233
"qux","B","Z","D2","e4",0.583392101805657,1.95124176553487,9,0.907099964986456
"foo","B","W","D1","e4",0.669641781132668,0.841098040310253,4,0.0145990583114326
"bar","B","W","D3","e3",0.967453855322674,-1.9037803985598,5,0.929536022203875
"foo","B","A","D1","e4",0.53822312457487,-0.345599205230124,3,0.913206446873856
"foo","B","Z","D1","e1",0.836963084060699,-0.697033817162809,6,0.77066940530659
"baz","F","Z","D1","e2",0.0336408149451017,1.68949432644661,8,0.466150005348027
"bar","B","Z","D3","e1",0.939686242956668,0.955733929347018,2,0.0301727110693918
"bar","F","A","D2","e3",0.65956812328659,-1.53061496476766,6,1.10645222380282
"baz","B","W","D1","e3",0.418593659298494,-0.434328518772084,9,0.532771471269241
"foo","F","A","D1","e2",0.470834985841066,-1.20001907341698,5,1.39787845118883
"foo","F","A","D1","e1",0.209256554720923,0.884171808189033,1,1.30101603637905
"foo","B","Z","D3","e2",0.322649082401767,0.977448557923753,10,1.10369805056126
"foo","F","A","D1","e4",0.855561359319836,0.883962035027333,3,0.328387717992455
"baz","F","W","D1","e3",0.94821618613787,-0.299726961934706,7,0.00066742766648531
"bar","F","A","D2","e3",0.0741527262143791,-0.985562352325942,1,1.7747937440032
"norf","F","A","D3","e3",0.536507833749056,0.0293848434081084,4,0.51853894488886
"bar","B","A","D2","e1",0.0193335281219333,0.308412625900105,5,1.08479652828993
"bar","F","Z","D1","e2",0.420707949670032,0.924434933716066,3,0.147033322194631
"foo","F","W","D2","e3",0.72394781280309,0.0652454682429371,4,0.312232059722335
"bar","F","W","D1","e1",0.79505664226599,1.40635440747483,6,1.37230791706116
"norf","B","A","D1","e2",0.397323834476992,-0.642803550102839,4,0.978678856002999
"foo","B","A","D2","e3",0.590556329116225,2.80223729123521,5,0.67036890797317
"foo","B","Z","D3","e1",0.606319527607411,-0.764698088849257,6,3.15718200648823
"baz","F","Z","D3","e1",0.655211789533496,0.0720676194513088,3,1.35937495711715
"bar","F","Z","D3","e2",0.777195557951927,-0.393350115172929,3,0.580331470351666
"bar","F","A","D3","e1",0.908350091893226,-1.28928159608217,3,0.294830842409283
"baz","F","A","D3","e2",0.451954146847129,-0.437885649039959,2,0.799064855191965
"qux","F","Z","D2","e4",0.0675914930179715,-0.588923557588203,9,0.34792757831525
"bar","F","A","D3","e1",0.316356786992401,-1.09952966061179,3,0.499984688125551
"bar","B","Z","D2","e3",0.409721278119832,-0.94361059125332,9,0.949159288736892
"foo","F","Z","D3","e3",0.233589124167338,1.92852345885948,2,1.59856822147014
"qux","B","W","D3","e3",0.658849762519822,-1.00220845687175,4,0.475511868018657
"qux","B","Z","D2","e4",0.168823745567352,0.322061413859723,6,1.81750301263275
"bar","B","Z","D3","e4",0.911695833783597,-0.357779235539002,6,1.31980115822972
"bar","B","A","D2","e4",0.0963364792987704,0.401098025107894,4,2.87664483470802
"foo","F","W","D3","e2",0.0493266347330064,0.0531345572254849,9,0.865560170926582
"baz","F","A","D3","e1",0.488836622796953,1.25318291304764,8,0.132528527639806
"bar","F","Z","D2","e1",0.37490150029771,0.106823356837828,9,2.17499606303688
"foo","F","W","D1","e4",0.440909925615415,1.50598390625746,6,1.33032600577445
"foo","B","W","D2","e4",0.834656722610816,0.227089186791557,8,2.37718374503421
"bar","F","Z","D2","e1",0.120693515054882,-0.0290276091577123,5,0.042898706626147
"bar","B","Z","D1","e2",0.0394896895159036,-0.132586156881892,4,0.985549487131548
"bar","B","W","D3","e4",0.16983820986934,-0.263497048649935,6,0.900706517468107
"bar","F","Z","D3","e4",0.550501620629802,1.23661693426967,4,2.66629295969818
"baz","F","A","D1","e2",0.378634351538494,-0.338301298006433,5,0.171373352408409
"bar","F","W","D3","e1",0.937535215402022,0.805009610048021,4,1.27792889527501
"norf","B","W","D1","e2",0.75424785213545,-0.329587086639791,5,0.153515008278191
"foo","B","Z","D1","e2",0.922900425735861,0.0831152494504366,7,2.56514599646465
"foo","B","A","D3","e2",0.1877249001991,0.0388600253876556,7,0.036396776791662
"qux","B","A","D2","e4",0.312405567383394,0.331073024902172,3,1.00855416693893
"foo","F","Z","D3","e1",0.595270230202004,0.116407809972902,7,3.62219879050856
"qux","F","Z","D2","e4",0.596125419251621,0.551835825442944,3,1.26035096454011
"bar","B","Z","D1","e3",0.607412699609995,0.909755663668645,3,0.327158657494529
"foo","F","Z","D1","e1",0.307804067851976,-1.1824094995463,7,0.590211701113731
"foo","F","Z","D1","e3",0.0741086674388498,0.709165272035689,4,3.15346673965109
"foo","F","A","D2","e4",0.148360120132565,-2.23032604514763,4,0.778275526800887
"foo","B","A","D3","e4",0.13989206822589,-0.285277198533692,7,0.78859414994241
"foo","B","W","D2","e1",0.254635446472093,0.239930119322722,6,0.902683062436891
"foo","B","A","D1","e1",0.184841161826625,-2.16943899493019,7,3.97097838462746
"qux","B","A","D2","e3",0.543293879600242,-0.194427911535544,8,0.955712026874435
"norf","B","W","D3","e4",0.806338816182688,0.894928077450708,6,0.483391291927546
"baz","B","W","D1","e3",0.082017716486007,1.21803851016315,6,0.875081299379073
"qux","B","W","D2","e4",0.463965456932783,2.62743090509223,5,1.86762668370249
"bar","F","A","D2","e3",0.666298439726233,-0.162897784963653,9,0.221460011131493
"baz","B","Z","D3","e2",0.360691583016887,-0.403576517597952,5,1.56198414202096
"foo","B","Z","D2","e3",0.364216805202886,0.145807356726993,10,1.32401963039757
"baz","B","W","D2","e3",0.705123062478378,-0.46716029012154,11,0.188066939357668
"bar","B","A","D2","e1",0.32818167610094,-0.721728258137356,4,0.0435240617953241
"baz","B","Z","D3","e1",0.312837591161951,-1.09978329083916,3,0.00620705215260386
"baz","B","A","D2","e3",0.77166721294634,-0.38188076227444,10,2.27879184838863
"bar","B","Z","D2","e4",0.526807768270373,-0.692090457372509,7,1.35865157372774
"bar","F","Z","D2","e4",0.10283119790256,0.0487316208260638,3,0.221916315145791
"bar","B","Z","D1","e4",0.695320805069059,-0.14573946124677,5,0.544957295525819
"baz","F","A","D1","e1",0.269734581699595,0.601566228887887,2,0.158724156208336
"baz","B","A","D3","e1",0.224582368973643,-0.0568348597793645,5,0.522963802795857
"bar","F","A","D1","e2",0.685964951990172,0.526752326388579,4,0.142042737454176
"bar","B","Z","D2","e2",0.883505150210112,1.20503098956833,5,0.35513799265027
"bar","B","A","D2","e4",0.943940506083891,-0.680946786210305,6,0.395270876586437
"bar","B","A","D2","e4",0.0644663276616484,-0.557141685051482,8,4.23250195983327
"foo","F","W","D2","e2",0.219721846515313,0.314049827496584,5,1.33224328137459
"qux","B","A","D2","e3",0.296580168651417,0.733588536461812,8,0.169353483244777
"norf","F","A","D3","e1",0.826302421279252,-1.54266938109434,4,0.358097356901798
"foo","F","Z","D2","e4",0.653321127640083,1.28135272997165,8,0.891784082124841
"baz","B","Z","D2","e1",0.543014195980504,1.25870963691289,8,0.593204322271049
"foo","B","W","D3","e2",0.90276621771045,-2.22466496857514,4,2.87130721150504
"bar","F","A","D1","e1",0.950520190875977,0.850629702056044,4,3.03273130936508
"baz","B","A","D2","e2",0.303749763639644,2.19497652226807,6,0.0571445347841954
"qux","B","Z","D1","e2",0.547068378422409,0.810477360658945,2,0.0197234392096073
"foo","F","Z","D2","e1",0.506278683664277,0.0625473739539114,9,0.195931693539023
"bar","B","W","D1","e1",0.0621742228977382,-0.476325234964346,6,1.20762464865567
"foo","B","Z","D1","e4",0.574362084502354,-0.0047749438264395,6,2.26651748443458
"qux","B","A","D2","e4",0.662461512489244,-1.18436674608653,3,0.993229668545437
"bar","F","Z","D3","e1",0.29076133063063,0.630306366657022,4,0.146377763710916
"bar","F","A","D2","e1",0.259999647736549,-1.17435718198174,6,0.0966613520868123
"qux","F","A","D2","e4",0.802591268206015,0.79019263857488,8,0.750708502675307
"baz","B","A","D2","e2",0.930938536301255,-0.761404052903734,7,0.340781030710787
"bar","F","W","D3","e3",0.157679893542081,-0.608393550295688,3,1.08090887587042
"baz","F","A","D1","e4",0.0540414904244244,-0.131945998742088,7,0.403184816144754
"foo","B","A","D3","e4",0.991322545101866,-0.0662137097612739,2,0.95243178583206
"bar","F","Z","D3","e2",0.228148428723216,0.0830347756168213,3,1.66036413787844
"bar","F","Z","D3","e1",0.749784688698128,1.46479795244106,4,0.0872730508078807
"foo","B","Z","D2","e2",0.539686368079856,-0.758569814907249,7,0.872587379026127
"bar","B","A","D2","e4",0.0886160102672875,-0.758517597302181,4,2.2097742127857
"baz","F","A","D3","e2",0.336081554647535,-1.08711055538503,7,0.70366448480903
"baz","F","W","D3","e3",0.158641102490947,-0.608506832268179,7,0.823688562917423
"foo","F","W","D2","e4",0.245741027407348,0.277005680707723,3,0.345729236956686
"bar","B","A","D1","e2",0.3518596526701,0.0253421513373035,6,0.567752667702734
"foo","F","Z","D1","e2",0.294611331308261,-0.520819973773467,5,0.336279316339642
"foo","F","A","D2","e4",0.169574082829058,-1.15481691118891,4,0.368501252960414
"bar","B","Z","D1","e4",0.501907891826704,0.994365814683293,8,0.378891888074577
"bar","B","Z","D3","e1",0.591385167557746,-0.129269438523087,4,0.290227820503867
"bar","B","Z","D2","e1",0.233241399284452,1.09328532399861,4,1.59699757388773
"bar","B","Z","D2","e3",0.862112971954048,-3.05949482515956,10,0.0774280599010554
"foo","B","Z","D3","e4",0.123309500981122,0.406387362331519,4,0.270333795808256
"foo","B","W","D3","e3",0.96051821578294,0.0143525782672695,7,0.0092736970712979
"baz","F","A","D1","e3",0.242160806199536,-0.00122861325396351,7,0.572903718504821
"foo","B","Z","D3","e2",0.823007628787309,-0.644992425361918,6,1.28400404653968
"norf","B","W","D3","e2",0.167526784120128,0.991047540616321,6,0.111371930265017
"bar","B","W","D1","e2",0.0442933219019324,1.18002355268812,8,2.08772361452196
"bar","B","A","D1","e1",0.442447821144015,-0.438431299654654,6,0.149674069577688
"norf","F","Z","D2","e4",0.892496898770332,-1.65590354171844,3,0.698056041221035
"baz","F","Z","D1","e1",0.792475575581193,-3.70207150471767,9,0.305876420810819
"bar","B","W","D3","e4",0.217866068705916,-0.0727951060948614,2,0.619295658078045
"foo","F","Z","D2","e1",0.723917968804017,-0.531121833100145,5,0.423903551113618
"baz","B","A","D2","e1",0.99874104373157,-2.11221009794339,2,0.256772332824767
"qux","F","W","D2","e3",0.882831377442926,-0.70677032597687,3,0.747544003481798
"bar","F","W","D3","e3",0.055467595346272,-0.818189734653465,5,0.630137845408171
"foo","B","A","D3","e4",0.327648083446547,-0.292232575963795,7,0.0725674355265853
"baz","F","W","D3","e1",0.509952085092664,0.770124222712361,3,0.304625619202852
"baz","F","Z","D3","e4",0.450724723748863,1.80507963076073,7,0.125314061529934
"baz","B","A","D3","e2",0.722898585256189,-0.685959554676037,6,1.06591806184025
"bar","B","W","D2","e1",0.784925608197227,-1.49493560969491,5,1.09791633110018
"foo","F","Z","D1","e2",0.0468629221431911,-0.730840512700241,5,1.21662747483225
"bar","B","W","D1","e2",0.451323772082105,-0.707270443219243,2,2.35911359439108
"bar","F","Z","D2","e1",0.992234701523557,-0.507466992610031,2,0.852886360096646
"foo","F","A","D2","e4",0.531151611823589,0.327349452850652,2,0.509410142432898
"qux","B","Z","D2","e1",0.842597354436293,-0.617609475590703,3,0.120859094429761
"qux","F","W","D2","e1",0.431377215776592,-0.0665636004695406,3,0.0824937610886991
"foo","F","Z","D2","e4",0.265614221338183,0.649979081560347,6,0.844343491208717
"bar","B","Z","D1","e3",0.66337145655416,-0.202398844388978,0,1.82987652896884
"foo","F","Z","D3","e4",0.74704701709561,0.319542263003418,5,0.143610384315252
"bar","F","Z","D2","e3",0.929638140369207,2.32592590854596,10,1.33142003692211
"foo","B","A","D3","e2",0.0174482446163893,-1.52069380996117,5,1.74175824775341
"foo","F","Z","D3","e1",0.832197020994499,-0.133576364835532,10,1.53974159053507
"baz","B","W","D3","e1",0.763885095482692,0.0696880932583211,3,0.239262660965323
"foo","B","Z","D1","e4",0.564837425015867,-1.11180737390095,4,1.29120635912581
"baz","B","Z","D1","e2",0.687905180035159,1.37903507474702,5,0.253507478502505
"bar","B","W","D2","e1",0.317616199841723,-0.465754736268373,4,1.67371367698239
"qux","B","A","D2","e4",0.8418431552127,2.48561744569247,3,1.87415199718418
"qux","F","Z","D3","e2",0.184590690769255,-0.90225214296953,7,1.01437625564159
"foo","B","Z","D1","e3",0.52285633306019,-0.796312082090862,7,0.982439762870681
"qux","F","W","D1","e2",0.791232185438275,0.713964463286189,7,0.770193404476059
"norf","F","Z","D2","e3",0.426783057162538,1.48197704221291,4,0.477262406713443
"baz","F","A","D1","e4",0.675510491710156,0.17726538613428,2,2.12965573693548
"qux","F","A","D1","e1",0.962134679313749,0.163352135121915,4,0.127942261385289
"foo","B","Z","D3","e3",0.702613353962079,-1.17651962383689,7,0.365322380326688
"foo","B","W","D3","e1",0.0990805551409721,1.19154614524158,4,0.777334239291859
"bar","F","Z","D2","e2",0.401075616711751,0.483987204610002,0,0.146651047281921
"baz","B","A","D3","e4",0.845888978568837,-0.573748152321165,9,0.537815299350768
"foo","B","A","D2","e1",0.506336843129247,-0.245475195117832,12,1.46016315548661
"foo","F","Z","D1","e4",0.872492183931172,-0.132021003328476,3,0.593986282590777
"foo","F","W","D1","e2",0.97130141267553,-0.0755020061861793,1,0.653100381605327
"qux","F","Z","D2","e3",0.702484815381467,0.741405148005765,0,0.458772625563401
"bar","B","A","D2","e2",0.693235121900216,0.631716420422381,8,0.713820757654799
"bar","F","Z","D1","e2",0.370335689513013,1.11027777721684,5,0.513326842337847
"norf","B","Z","D3","e2",0.0160048925317824,-0.32818174402147,5,0.769658163147879
"bar","F","W","D2","e1",0.265585461864248,-0.395799181395133,4,0.220943295587977
"baz","B","W","D2","e2",0.317667679162696,0.182128468780471,5,0.709667700405045
"qux","B","W","D1","e1",0.74969139858149,-0.960753951762936,3,0.416462215594947
"baz","B","A","D2","e4",0.872378831263632,-0.331259198635503,3,1.24720671582491
"foo","F","A","D2","e4",0.570119143463671,0.14852506620509,7,0.816757949984364
"foo","F","W","D2","e3",0.650983594823629,-0.732825048974515,3,0.743164483559997
"bar","B","A","D1","e2",0.610362760955468,0.276062118083983,8,0.355684243368294
"norf","B","A","D2","e1",0.760824935743585,-0.317761163081635,4,0.31146435206756
"foo","F","W","D2","e1",0.97887859470211,-2.03700385861835,4,1.36799168768795
"foo","F","W","D3","e1",0.787354392232373,0.541648666128038,11,0.263717886060476
"norf","F","Z","D1","e4",0.130139292450622,0.29047238894463,4,0.149910380501767
"foo","F","A","D2","e1",0.110264634247869,-0.0779241355501701,8,0.54698678618297
"baz","B","A","D1","e4",0.427573469700292,1.88793784756484,5,4.26610693932611
"foo","B","Z","D3","e3",0.77057669381611,0.148567887192123,4,0.0813316686071998
"bar","F","Z","D2","e2",0.390582714229822,0.556441280151143,5,0.00286197243696999
"bar","F","A","D2","e1",0.0226827720180154,-0.518464981151066,4,2.44091266939852
"foo","B","W","D2","e2",0.869690824998543,-0.159312829499785,4,2.40822148496721
"qux","F","A","D2","e1",0.804143022280186,0.358646341602664,2,0.122886210300622
"bar","F","A","D3","e3",0.13947310927324,-0.915822806297424,6,0.0591172087006271
"bar","B","W","D2","e1",0.368229679530486,-0.999057591247485,2,4.66893338014312
"foo","B","A","D1","e3",0.403252549935132,2.03515747348835,6,0.296068986415461
"foo","F","W","D1","e3",0.0920713234227151,-0.965128404816659,4,0.200867622159421
"baz","F","Z","D3","e3",0.635420488892123,-0.786284026579114,5,2.45619610125635
"qux","B","Z","D2","e4",0.451952100498602,0.215771639919333,8,0.795028189133546
"norf","F","Z","D1","e1",0.143103519454598,-0.160365568860127,7,0.0668136514723301
"qux","F","W","D2","e4",0.459258683724329,0.000225337212316614,2,1.09307136103035
"baz","B","Z","D2","e2",0.496858381200582,0.0499046792655669,6,0.8481597007329
"foo","F","Z","D2","e2",0.860833682818338,-0.191867862360178,1,0.165876104185396
"bar","F","Z","D3","e3",0.23662368580699,0.449915949252391,3,0.708123004953277
"foo","B","Z","D1","e4",0.200299232034013,-0.25239271300264,4,0.236512065865099
"bar","B","A","D3","e1",0.0545443231239915,1.41241003474472,5,1.76716097808423
"baz","F","Z","D2","e4",0.519360082922503,0.460250942122507,11,0.378925166558474
"foo","F","Z","D2","e1",0.513718385482207,-0.794810264087595,7,1.3052154443738
"foo","B","Z","D3","e1",0.393422534689307,2.14745626633108,6,1.72905785209479
"baz","F","A","D2","e4",0.583808741532266,-0.563213040427663,8,0.0471984635281524
"baz","B","Z","D1","e4",0.39265964133665,-0.422575515637722,9,0.298700457498132
"qux","F","A","D3","e4",0.679279163712636,0.513725342624731,8,0.503033883403987
"foo","F","Z","D3","e4",0.108009566552937,0.951999463995696,3,0.038303473489941
"qux","F","A","D2","e1",0.685083182295784,-0.785016572426326,8,2.38985109749891
"baz","F","A","D1","e4",0.577880102908239,0.19123501082751,3,1.39306618773611
"baz","F","Z","D1","e4",0.68084793468006,-0.0558906428491045,5,2.61512963647459
"foo","B","Z","D1","e1",0.509288870496675,0.80368239390043,1,0.423376702237874
"bar","B","Z","D3","e1",0.479945436120033,0.761262919878075,4,1.65475050537827
"foo","F","Z","D1","e1",0.126900652656332,-0.295185663803686,6,1.72127600229985
"norf","F","W","D2","e2",0.123938458506018,0.5626836145453,6,0.199742113919878
"baz","F","Z","D3","e1",0.52091326052323,-1.09962174659401,5,0.279463845969513
"foo","F","Z","D2","e4",0.686269677476957,0.252197629700286,8,0.139406100417923
"foo","B","Z","D2","e2",0.450866388622671,1.30103508884033,1,0.414101007604543
"bar","B","W","D2","e2",0.703164093429223,0.549561643736919,3,0.737982433981118
"foo","F","A","D1","e4",0.327432452701032,-1.79268401189619,5,0.356383392121643
"foo","B","W","D2","e3",0.902498208219185,-1.98493467503331,3,0.887633602092874
"baz","B","W","D1","e4",0.0490871502552181,-0.810781192765298,9,0.855678678448212
"qux","F","W","D1","e4",0.446430219803005,-0.680040837201434,3,0.170798967592418
"foo","F","Z","D2","e4",0.439747248543426,0.700934035400598,4,0.266140230931342
"bar","B","A","D3","e1",0.185076330089942,-0.147286697240721,7,1.22067854269863
"foo","F","W","D2","e1",0.635029727593064,-1.70513489447039,6,0.206978797446936
"qux","B","A","D1","e3",0.274803025880828,-0.467732457748252,4,0.0552329863421619
"foo","B","Z","D1","e3",0.685877508250996,-1.54501556849639,4,0.721379201600715
"foo","B","A","D1","e2",0.49628261080943,1.21020419045458,2,0.687164177652448
"norf","F","Z","D2","e1",0.685272146016359,-1.50753598488477,3,0.0582294492051005
"foo","B","Z","D2","e1",0.588925657095388,0.615642595444264,5,0.136263894753346
"norf","B","A","D2","e4",0.0777375944890082,-2.28394514611676,6,2.80390485211763
"baz","B","Z","D1","e4",0.764163949992508,-0.465695895194846,9,1.12101042173327
"bar","B","A","D3","e2",0.0501992402132601,1.57094623029626,4,0.23264838782662
"foo","F","A","D3","e4",0.129638568731025,-0.349856137715855,6,0.079674725420773
"bar","B","W","D1","e1",0.807646940695122,0.874828114969219,8,0.582262703217566
"baz","F","Z","D1","e1",0.902913145488128,-1.61594846857765,6,0.445914348248304
"foo","B","Z","D1","e2",0.259122668998316,-0.696004503713916,4,3.55801413391864
"bar","F","A","D3","e2",0.444528931053355,1.34380986536656,2,0.367781767621636
"norf","F","A","D3","e1",0.982215160271153,0.885662404250441,2,1.50590015380623
"norf","F","Z","D1","e4",0.285156317753717,-1.78681945419072,7,2.66160868654463
"foo","F","Z","D1","e4",0.494877607561648,0.310818656471171,3,0.0999562884680927
"foo","F","A","D1","e3",0.814182422589511,0.434748780177563,6,0.192176784854382
"norf","F","A","D3","e4",0.802808344829828,1.70538893966165,5,0.155793661517535
"baz","F","Z","D2","e1",0.17736524855718,1.48744228517173,4,0.485407940112054
"baz","F","Z","D1","e3",0.918634954839945,-0.599907365508305,2,0.261047841049731
"foo","B","A","D2","e1",0.506020655157045,0.0656682007844961,5,1.75149657568874
"bar","B","Z","D1","e1",0.270489008631557,0.38827000040747,10,1.95075730412247
"foo","B","A","D2","e4",0.893247349886224,-2.05997256196243,6,0.901657257187081
"qux","F","A","D1","e2",0.118264951510355,0.0608434281955283,2,0.37237844010815
"bar","F","Z","D3","e4",0.636625576298684,-0.0327728187669506,5,0.794499155091953
"bar","F","Z","D3","e4",0.883602332090959,-0.0858692213259586,4,0.912750229799615
"qux","B","A","D1","e4",0.0585518989246339,0.297911307725206,5,0.813752781932617
"qux","F","W","D3","e4",0.172051507048309,-0.323730468965257,6,0.130470697896828
"foo","B","A","D3","e4",0.78386381152086,0.373600305088148,4,0.0331295469477781
"foo","B","Z","D3","e2",0.903228909475729,-0.262161789610464,4,2.75260693753574
"qux","B","Z","D3","e4",0.962504942901433,0.535794339910094,8,0.847336561377061
"bar","B","A","D2","e2",0.758535909932107,0.895115501685218,8,0.288995782379061
"qux","F","A","D1","e2",0.309641832020134,-1.45940065931389,8,0.379873768426478
"foo","F","W","D2","e2",0.197540356544778,0.403192329887278,5,0.360649216454476
"foo","B","Z","D3","e3",0.302321794442832,0.717890271527017,6,1.82795792437139
"foo","B","W","D1","e2",0.429740155115724,0.564743859439314,2,2.12995616599514
"qux","B","W","D2","e1",0.286531941732392,-0.673283555245652,3,2.39954369944293
"baz","F","W","D1","e3",0.312925100792199,-0.235421165984064,5,1.03816059134425
"foo","B","W","D1","e4",0.60104747582227,-1.55433084210038,4,1.23466975330831
"bar","F","Z","D3","e3",0.542777306400239,-0.814866814914277,8,0.117648526094854
"foo","B","Z","D1","e4",0.328329419717193,0.207810410534666,5,0.780438339295697
"foo","B","A","D2","e3",0.783007494173944,0.241990922309046,7,2.72441604162071
"qux","B","A","D2","e2",0.949384242063388,-1.10928423726299,4,0.28495170455426
"norf","F","Z","D3","e3",0.325619522016495,-0.338789591066934,6,0.0804744878730692
"foo","F","A","D2","e2",0.0753592520486563,0.41647236379562,6,0.231172508560121
"norf","F","Z","D2","e4",0.502457910915837,-1.15040482023392,5,0.561951340176165
"foo","B","A","D1","e4",0.346225781133398,-0.202552576382586,7,1.52575441255214
"bar","B","A","D1","e2",0.691223581321537,-0.709542132898953,5,0.150662648957223
"foo","F","A","D3","e3",0.981538384687155,-0.395501119545671,4,0.283168257829353
"baz","F","W","D2","e3",0.902360861189663,-0.0218082332241984,6,0.0912555685063385
"baz","F","Z","D3","e4",0.686538108391687,-1.57674476271404,2,2.16514091676065
"foo","F","Z","D2","e2",0.337409359635785,-1.91438921497034,6,0.303963559679687
"foo","F","Z","D1","e2",0.643389096017927,-0.974255601059961,5,1.59743437907639
"bar","F","W","D1","e2",0.412200656486675,-1.18372640072974,4,0.24375430168584
"bar","F","Z","D1","e3",0.778614493785426,0.548001542254924,6,0.623710729181767
"baz","B","Z","D1","e1",0.220974011346698,-1.43315265727408,3,0.110132168978453
"foo","B","W","D2","e1",0.824542614398524,0.572637116606253,4,2.38709964404318
"foo","B","A","D1","e3",0.592612838139758,-0.0837500364599233,4,0.878821685125273
"bar","F","W","D2","e3",0.332361899549142,-1.46972107182249,1,0.160745475441217
"baz","B","W","D3","e3",0.114171874010935,-1.25133765951467,7,0.0103905470797373
"foo","B","W","D2","e3",0.403019820572808,-0.186458894859821,5,0.311716284735868
"bar","F","W","D2","e4",0.500731778796762,1.21434155472251,3,0.59314140630886
"bar","F","A","D1","e3",0.577258075587451,0.227788777694403,6,1.7947479969913
"baz","F","A","D2","e3",0.00504509988240898,0.953840474954539,6,1.99844166069272
"foo","F","W","D3","e1",0.287217470817268,1.58885875345313,4,2.0647790300751
"foo","F","W","D1","e3",0.0555297422688454,-0.17347220183799,8,1.64819543986561
"foo","B","W","D3","e4",0.0735828392207623,-1.10606155308618,2,1.2724363002506
"norf","F","A","D2","e1",0.729360623285174,-0.89147022533139,2,3.05894844217186
"qux","F","Z","D3","e3",0.535232332069427,0.905736601153904,3,0.12040408840403
"foo","B","Z","D3","e1",0.171044868184254,0.0140356167331078,4,0.330478722695261
"baz","B","W","D1","e2",0.434066460235044,-1.24692839146925,2,1.10625087931277
"norf","F","Z","D1","e2",0.395346876699477,1.55598038279301,1,2.51464718753908
"foo","F","W","D1","e1",0.848146870266646,0.0939826186280516,5,2.81942792965059
"bar","B","A","D1","e4",0.305334036238492,0.121690390252204,9,1.13754057321222
"bar","F","W","D2","e2",0.195401326753199,-0.492282692064517,3,0.716100359293533
"foo","B","A","D1","e1",0.0403459602966905,0.155165716026144,5,0.868276705923391
"foo","B","Z","D2","e1",0.219921393552795,-0.958817361782271,4,0.69723479073019
"baz","B","A","D3","e4",0.355878925416619,0.88217173979515,5,3.32853570563679
"baz","F","A","D1","e3",0.306195517070591,0.43758279571969,3,0.651558835990727
"baz","B","Z","D3","e2",0.471777033759281,0.741244256045741,4,1.08624262637914
"bar","B","Z","D1","e1",0.043759040767327,-0.06189148828666,4,0.207416690886021
"foo","B","W","D1","e2",0.412883422803134,1.38682431788915,3,0.0652459370903671
"foo","B","A","D1","e3",0.793491306249052,1.55029255649392,4,0.00193913886323571
"bar","F","Z","D3","e2",0.977652085013688,1.01096810061536,2,1.70171307847887
"bar","F","Z","D2","e3",0.212055702926591,-1.71520454065366,6,0.496007072045735
"foo","F","Z","D1","e3",0.00623597577214241,-1.22773554355587,6,0.200278343167156
"foo","F","A","D3","e2",0.148755683097988,-0.400809912673682,4,0.372407282236964
"foo","F","Z","D1","e3",0.026085756951943,0.252277638626992,7,0.835245009683904
"bar","B","A","D3","e2",0.204614427872002,-1.02442363549667,5,0.127381175530974
"foo","F","Z","D3","e1",0.038033144781366,1.89911689218454,5,0.123756259214133
"baz","B","A","D2","e1",0.950445353286341,1.44289630669801,4,0.520455594174564
"qux","B","Z","D3","e1",0.46155495592393,-0.188471273896393,8,0.374366706702858
"baz","F","A","D2","e2",0.0150733105838299,-0.0295502895153533,6,1.38762059562122
"foo","F","W","D3","e4",0.629762312630191,0.867615096243294,3,0.016152073082258
"bar","B","A","D1","e1",0.158192252507433,0.0335060939618035,8,0.332326876140032
"qux","B","Z","D3","e4",0.681262249825522,1.08825426435285,3,2.32798303889358
"bar","F","Z","D3","e3",0.720022208988667,-1.13330121090858,5,0.0612955675460398
"norf","F","W","D2","e1",0.57610511733219,0.783109986862291,3,2.77528729031905
"bar","B","A","D1","e3",0.539236129727215,0.361459911051014,2,1.3208870999095
"foo","F","A","D2","e2",0.145722950808704,-1.13391390760707,6,0.619737937115133
"bar","F","W","D3","e2",0.623875491786748,-0.824655153561219,4,0.0417472658352677
"bar","F","A","D3","e3",0.705514925532043,0.471192492685907,4,0.637439212296158
"foo","F","Z","D1","e3",0.565023865317926,1.64880897414546,7,0.519322706852108
"foo","F","A","D2","e4",0.75692046736367,0.019568393340236,5,0.0320548787713051
"foo","F","A","D2","e1",0.597980325575918,0.951501771635665,5,1.58810408591273
"bar","F","W","D2","e3",0.543606311315671,1.26214237569055,1,3.41104612927963
"bar","B","W","D3","e2",0.137723693391308,-1.67098848585287,1,0.633833850973506
"foo","F","A","D1","e3",0.523860350251198,0.403094501608157,6,0.240416585933417
"foo","F","W","D3","e4",0.0650955340825021,-0.534742477717679,3,0.570177005603909
"foo","F","Z","D2","e4",0.132045822916552,1.61251834917485,9,1.76899509123507
"norf","B","A","D1","e1",0.502944217761979,1.0725637414744,2,0.522065324708819
"foo","B","W","D3","e2",0.131659857928753,1.01843349374863,8,0.65472259465605
"foo","F","Z","D2","e4",0.781661737477407,0.529291120517976,3,0.106594286971995
"foo","F","A","D2","e4",0.112700736382976,-0.674944493771627,5,2.99911153299694
"bar","F","A","D1","e4",0.091058905236423,0.741669158578575,7,1.42548387302997
"bar","B","W","D2","e3",0.197042744373903,-1.41015361439911,2,0.320014927536249
"foo","F","A","D3","e2",0.34598776884377,-1.651726314215,3,1.04092504266174
"foo","F","Z","D2","e2",0.103845108766109,0.299123539758074,3,0.0193053898401558
"baz","F","W","D1","e1",0.52024012315087,-0.454796158576552,2,0.566204234026372
"qux","B","A","D3","e3",0.364340476226062,0.888694871295298,4,0.663028286769986
"foo","F","Z","D1","e3",0.092411921126768,-1.07376295652598,1,0.280895421281457
"bar","F","Z","D2","e4",0.0466712825000286,-0.722902346351664,1,0.398471827111285
"baz","F","A","D3","e3",0.0153334678616375,2.64604465909012,6,1.25431100461156
"foo","F","Z","D1","e1",0.209045824594796,-0.0732959307150903,4,1.58222309305313
"baz","F","W","D3","e1",0.0563591008540243,-0.414819107773534,3,0.0564797054976225
"foo","F","Z","D2","e1",0.0513300427701324,1.57423241623136,6,2.92666852258536
"qux","B","A","D1","e4",0.747546549187973,-0.0128329337094926,10,0.742844070265901
"bar","B","W","D1","e2",0.850047088228166,0.62882939230809,6,3.31643427891617
"foo","F","Z","D3","e1",0.238468271680176,-0.00268552030660169,2,0.0197138315839586
"qux","B","A","D1","e4",0.457337582018226,-0.243571462122881,5,0.756134887928068
"baz","F","A","D2","e1",0.0152188937645406,0.227732341951518,6,0.684867342468351
"foo","B","A","D3","e3",0.938258687499911,-2.00843792076852,3,0.785051411907089
"bar","B","W","D3","e2",0.812257178127766,1.06509346184303,8,0.13061898900196
"foo","B","A","D3","e4",0.822482844581828,-1.32905300556258,4,0.16997905692179
"qux","B","Z","D3","e2",0.380412318743765,1.39255584305919,5,0.101308174431324
"baz","B","Z","D3","e2",0.205798447364941,2.35213743563233,6,0.420587932098948
"bar","B","W","D1","e1",0.934301644330844,-1.91194232471551,5,0.546573430299759
"bar","F","W","D2","e4",0.321894892957062,-0.753261970568627,6,1.34007146764071
"foo","B","Z","D1","e3",0.635524604469538,1.30028087377971,1,0.683329096529633
"foo","B","Z","D1","e4",0.971575920237228,-1.07650192599939,4,0.355717823840678
"foo","B","A","D3","e4",0.506368858739734,0.356499778316573,5,2.2113439843089
"baz","B","A","D3","e1",0.979842952219769,-2.11713907634182,8,0.633490862790495
"bar","F","Z","D2","e2",0.726851471699774,0.0163706529878909,7,0.744567033792746
"bar","B","Z","D1","e4",0.380776019999757,-0.217791582961374,4,2.48523693332884
"baz","F","W","D1","e1",0.741822763346136,0.232974164788753,7,1.26685449569942
"baz","F","A","D3","e3",0.213509395951405,-0.5667472562895,9,1.66873496576192
"bar","F","Z","D3","e3",0.444157781545073,1.27217990947104,10,0.954256779472244
"baz","B","A","D3","e4",0.352432042593136,1.10868150290409,3,0.701225289101613
"baz","B","Z","D1","e3",0.810735963052139,-1.21714099861028,3,2.21219568534604
"bar","B","A","D3","e3",0.119473289232701,-0.80547472529453,3,0.931702259234666
"norf","B","A","D3","e3",0.259446611627936,0.0738627179647713,4,0.262307355758078
"foo","B","A","D1","e1",0.160525484476238,-1.19940588564851,4,0.32866826094687
"bar","F","W","D2","e3",0.460535841993988,-0.313043487878378,5,1.43402696578743
"bar","F","A","D1","e4",0.326837715227157,-3.16954080044116,5,0.425335764671905
"bar","B","W","D1","e1",0.829610893735662,-0.392518839175396,4,0.460278177633882
"baz","B","A","D2","e3",0.460401301737875,-1.78408319918472,5,0.149671743199879
"qux","B","A","D1","e1",0.731036903336644,1.87933028920657,4,0.242455301806331
"baz","B","Z","D1","e4",0.509200687287375,-0.871712361100835,2,3.50007730618527
"baz","B","A","D2","e4",0.101941551547498,-0.45755735718523,6,0.671776066534221
"foo","B","Z","D1","e4",0.694580974290147,0.775581269561767,9,0.703955090562713
"bar","F","Z","D2","e1",0.0319797280244529,1.06992126559857,9,0.521722821053118
"foo","F","Z","D3","e2",0.0923883891664445,0.252713580973721,5,0.415211873907813
"foo","B","A","D3","e3",0.86654563411139,-0.406967616392408,5,0.476668237878469
"foo","B","Z","D3","e1",0.574528337223455,0.186167386200046,7,2.44003874982212
"baz","B","A","D1","e2",0.147937764413655,0.39668633163493,6,2.27383731479261
"foo","B","A","D2","e4",0.98902045446448,0.669011469318536,4,0.452716434560176
"bar","B","Z","D2","e3",0.327377009904012,-1.01248978516248,3,0.599499948788434
"foo","B","Z","D2","e3",0.534303552471101,-1.20661956018451,2,0.76734337556626
"qux","F","A","D1","e2",0.469015955459327,-0.939297430119851,9,0.836308320010913
"bar","B","A","D3","e2",0.577195235528052,0.539677567917337,4,0.635836360510439
"foo","F","W","D1","e1",0.458549411501735,1.40345769584009,1,0.528703333809972
"baz","F","W","D3","e3",0.629424854880199,0.44920091109343,9,3.89431393684304
"foo","F","Z","D2","e2",0.863125151256099,-0.511391154079574,3,0.60740654123947
"foo","B","W","D3","e2",0.532778627704829,0.669498917456499,3,0.184064289089292
"norf","F","Z","D1","e1",0.830514038447291,-0.880184126218804,4,1.05025228853793
"qux","F","Z","D2","e2",0.415621286723763,0.956808725468643,7,0.80267142593385
"bar","B","W","D2","e2",0.42799871857278,1.10103275899603,9,1.3836298873228
"foo","B","A","D2","e4",0.168428872711957,1.79793931663268,3,0.294323422946036
"bar","F","A","D1","e1",0.0735674139577895,-0.0962979669326787,8,0.10338440630585
"bar","F","Z","D3","e3",0.000653371680527925,0.754681741994145,6,0.246450238493924
"bar","B","A","D2","e3",0.104811164084822,-2.3387508516792,9,1.14510176568514
"foo","F","A","D2","e2",0.983153857989237,-0.250000998524444,4,2.53757175231788
"bar","F","A","D1","e3",0.56128367013298,0.898822106170319,8,1.86956127910855
"foo","F","W","D1","e1",0.418469851370901,2.31314114377585,5,2.36550036246393
"foo","F","Z","D1","e4",0.567343627335504,0.383815610432966,2,0.622416222468019
"bar","B","W","D2","e2",0.617602988611907,0.587492117071669,9,3.02816863341217
"bar","F","Z","D3","e1",0.62864056113176,-0.353484702552244,4,0.214349534828216
"baz","B","A","D3","e4",0.852832115022466,0.181610196163019,4,1.22057345319064
"bar","B","A","D3","e1",0.507707723416388,1.28784048875286,7,1.8643922395164
"qux","B","W","D1","e2",0.501542059704661,-1.31405813664279,3,0.0980883007869124
"norf","B","A","D2","e2",0.847130441106856,0.722529979856208,4,2.23215576406143
"bar","F","Z","D3","e1",0.479434225242585,-1.16293042662968,4,2.02278387910667
"bar","B","A","D3","e1",0.575877385679632,-0.201890970322168,8,0.346639192197472
"bar","F","Z","D1","e1",0.551275089615956,0.0995288491521468,4,0.647239227313548
"baz","F","A","D1","e2",0.795779941836372,1.05253565545989,2,0.246200268622488
"baz","F","A","D1","e1",0.546146493870765,-0.521860786622251,4,0.697756930212391
"bar","B","W","D2","e4",0.400386116467416,-0.292422985703655,3,2.94972529990559
"qux","F","A","D2","e4",0.0198595505207777,0.23319898203867,6,0.0307113467715681
"norf","F","Z","D1","e1",0.726179901277646,0.353465798716907,9,0.749327275762836
"bar","B","A","D3","e1",0.38917991053313,-0.757827199520044,5,0.34272085595876
"foo","F","A","D1","e4",0.457839828450233,-0.187670747614071,10,1.64103409267011
"baz","F","A","D3","e2",0.297148731071502,-0.690755713049186,3,0.374060481321067
"foo","B","A","D2","e3",0.841106191277504,0.679134195420793,6,0.618473660200834
"baz","F","W","D3","e2",0.727023193612695,0.479982158470939,4,0.269506568554789
"bar","B","Z","D1","e1",0.933560717618093,-0.715041268647705,9,0.369281625840813
"qux","B","Z","D2","e3",0.300303844036534,0.526545669166985,4,4.32212911893554
"foo","B","Z","D3","e4",0.896010546013713,0.424319925401931,8,1.34433200671793
"foo","F","Z","D2","e3",0.449651015922427,0.714837562148189,6,3.21137998236303
"bar","F","Z","D2","e1",0.951377043733373,2.07891413567166,4,2.0970686515859
"foo","F","A","D3","e4",0.547704793745652,0.942423489762078,5,1.04013182777436
"norf","B","W","D1","e1",0.237887483322993,-0.547037220817951,2,0.791970821055484
"baz","B","Z","D2","e1",0.285097011132166,-0.0665069675951544,5,0.158311212435365
"foo","F","Z","D1","e3",0.00940899597480893,0.0837362212930472,1,1.0689834216312
"bar","F","A","D1","e3",0.785911056445912,1.26174704615275,3,1.25962175517799
"bar","B","W","D3","e3",0.359272174537182,1.71817724557988,6,0.256898014306377
"bar","F","Z","D1","e4",0.943654669215903,-0.252923905766601,2,1.48941958687248
"baz","B","W","D2","e2",0.155966339167207,1.24694501230742,1,0.777259341399086
"foo","F","W","D2","e3",0.671057565603405,0.0615478345771152,2,0.0408739089034498
"bar","B","A","D3","e3",0.143459273735061,-0.128559133937969,6,0.489788202568889
"bar","F","W","D2","e3",0.0838082400150597,0.483855706899501,1,2.046821674248
"foo","F","Z","D3","e1",0.534610708709806,-0.907319236786847,2,2.0025372224951
"norf","B","W","D1","e2",0.949923303443938,-0.855293871061441,2,0.232589103747159
"foo","F","A","D1","e4",0.949696112191305,-1.95681377448436,4,1.19692875720085
"foo","F","A","D1","e4",0.98691082582809,-0.910193515951859,5,0.169321098855709
"baz","B","A","D1","e4",0.573220540769398,-1.00685607350391,5,2.09911221786608
"foo","F","A","D1","e4",0.68709668982774,2.55246367417597,9,1.05494077033819
"bar","B","Z","D1","e3",0.771003228845075,-0.148791668026563,4,1.65520085385981
"foo","F","Z","D3","e3",0.723880290053785,1.64171321577278,4,1.55337318955901
"foo","F","A","D1","e2",0.535565557191148,-0.803192240444878,4,1.40271586171331
"foo","F","A","D2","e1",0.978745579952374,-1.76726504139711,3,2.83463453870375
"baz","B","A","D1","e4",0.15953645342961,-0.64397064537255,7,0.661932858172804
"norf","F","Z","D2","e1",0.330553377512842,-0.725409544083376,7,1.19906240045549
"qux","B","Z","D2","e3",0.198399196844548,1.94338113568963,6,0.335346241015941
"foo","F","Z","D3","e2",0.940154454670846,-0.148348667846255,6,0.765780968549562
"foo","B","W","D3","e1",0.942022998118773,-1.18123480576743,5,3.78497556389725
"bar","F","A","D3","e4",0.405054439092055,1.03412592014431,6,0.360157801769674
"foo","F","W","D1","e2",0.845145892817527,-2.04419315176652,7,1.37010431006075
"foo","B","A","D1","e4",0.192369392607361,1.28605803955703,1,0.312391005922109
"foo","F","W","D3","e4",0.292171275475994,-0.638422616760933,5,0.149353171698749
"foo","F","W","D2","e1",0.302617618348449,-0.540901352351222,2,0.121693109162152
"baz","B","Z","D1","e2",0.891335375607014,3.29581410687949,4,0.425121678039432
"baz","B","W","D3","e1",0.120788599830121,1.28831314719297,4,0.019545110873878
"foo","F","Z","D3","e4",0.52900439244695,0.550594628616565,3,0.478234570385508
"baz","F","W","D3","e3",0.202565040439367,-0.219173378424047,8,0.477046616375446
"foo","B","Z","D1","e3",0.203621471766382,0.243070928895958,1,0.0970523185096681
"bar","B","Z","D3","e3",0.35986261931248,0.389311931583246,3,0.432478746399283
"baz","F","A","D3","e1",0.0703980915714055,-0.157331161945771,4,0.322601272258908
"baz","F","A","D3","e2",0.774864375824109,1.09484023590966,3,0.0571395258498869
"qux","B","A","D1","e2",0.983796474058181,-0.74984546413455,4,0.766689194253109
"bar","B","Z","D1","e1",0.160834125475958,-1.30431140937436,8,0.859766490715456
"bar","B","W","D3","e2",0.292943491134793,-2.9779538704423,6,1.57285322799327
"qux","F","Z","D2","e3",0.858797719702125,-0.541609958888259,3,0.203030416110861
"qux","F","W","D1","e4",0.937484358204529,-0.344589746192342,9,0.494442984461784
"qux","B","W","D2","e2",0.780208527343348,-0.596446829320337,10,1.71357792980018
"foo","F","A","D2","e4",0.343001468572766,-0.979545143313565,4,1.21691007349165
"bar","B","A","D3","e3",0.525204935809597,0.220073588826376,7,0.726722563491818
"bar","F","W","D3","e3",0.763549149036407,0.807720648433269,11,2.31245844984863
"bar","F","W","D1","e2",0.222093542804942,-0.069047526657947,4,2.02290635361316
"bar","F","W","D3","e4",0.529928809497505,-0.444603341204732,2,0.4786486485973
"baz","B","Z","D3","e1",0.518569513456896,0.458035662109821,8,0.371327248867601
"bar","F","Z","D3","e3",0.799582300242037,0.554726566322116,7,0.629917223006487
"foo","B","A","D1","e3",0.0533284244593233,0.538283998535662,2,0.15250073707287
"bar","F","Z","D2","e3",0.731266396353021,0.891787013537666,7,1.69303974873366
"norf","F","Z","D3","e3",0.891054779291153,0.805864658937242,4,0.212097573559731
"qux","F","Z","D2","e4",0.0987796694971621,0.362177154301275,3,2.13421511951088
"foo","F","Z","D3","e2",0.580873223952949,0.842292157445191,9,0.234265792516901
"foo","F","W","D2","e2",0.100030700908974,2.4085298016132,9,1.03253667518021
"qux","B","Z","D1","e3",0.622105765156448,-0.915848162234385,5,0.320208620280027
"foo","B","W","D2","e2",0.659521383233368,1.18012292609891,5,0.233107531443238
"bar","F","A","D1","e4",0.66319452598691,-0.304930302523942,3,0.0594718987122178
"foo","F","W","D2","e2",0.198350453749299,1.17106085662855,7,0.382991639537254
"baz","B","A","D2","e1",0.141669710632414,1.42698115014953,1,0.752823781586051
"bar","B","W","D3","e3",0.696871375199407,-0.340756845003856,5,0.635172944981605
"foo","B","Z","D1","e3",0.328034847509116,0.0722722971592566,2,0.574928525369614
"bar","F","A","D2","e3",0.637171768350527,0.78411184630493,7,0.543270693160594
"baz","F","A","D2","e4",0.35097685828805,-0.315725657330256,6,0.71561730263537
"baz","B","A","D1","e1",0.864927369868383,-0.15137559186279,4,0.344045754446769
"foo","B","Z","D3","e1",0.138783521950245,-0.506897147004234,9,0.342542759608477
"norf","F","Z","D3","e3",0.653503974433988,-0.24844931476146,3,0.0817495272151008
"norf","F","A","D2","e4",0.552199119469151,-0.0828797890147745,7,0.832691689911199
"foo","B","Z","D3","e2",0.792623150860891,-0.187735024054327,3,0.0578049514442682
"baz","B","Z","D2","e2",0.367243360495195,0.447623935578992,2,0.330927238799632
"bar","F","A","D1","e4",0.080325840273872,-0.251828822373883,1,1.02561081662298
"qux","F","W","D3","e4",0.788956535048783,1.02844010162287,3,0.0692599937319756
"baz","F","A","D1","e4",0.0250978819094598,-1.2963003981755,5,2.57964028964255
"foo","F","A","D2","e2",0.441973263164982,0.603806092825379,4,0.521275368053466
"foo","F","Z","D3","e4",0.447742302669212,-0.00620523850633178,4,0.180937313009053
"baz","F","Z","D1","e4",0.98143735085614,0.429873154412484,5,0.00468714598585792
"foo","F","Z","D2","e2",0.491894576465711,0.786752365695111,7,0.384997242130339
"baz","F","W","D2","e2",0.450285710627213,-1.17220005527523,2,0.0757109122350812
"bar","F","Z","D2","e4",0.543075316119939,-0.375302474616635,1,1.01885738842868
"foo","F","A","D3","e4",0.105935539584607,0.668744425248521,7,0.363249771762639
"qux","B","A","D1","e3",0.238889663014561,0.251293557612867,7,0.349589191123496
"qux","B","Z","D3","e4",0.545170778408647,-0.495631369329822,5,1.34563060566307
"bar","F","W","D3","e2",0.908576316200197,-0.0160785627383772,2,0.197546719107777
"bar","B","Z","D2","e3",0.41367614059709,1.88359926281311,2,0.292571492749127
"qux","F","W","D1","e3",0.899916197406128,1.175916867979,5,2.08821763644431
"baz","B","Z","D3","e1",0.278360704192892,0.976589045793879,8,0.120716147327943
"foo","F","W","D3","e4",0.667464334284887,0.111474244662937,4,0.249019850511104
"baz","B","Z","D2","e3",0.608449572231621,-1.35036513047939,5,2.15492954821966
"qux","F","Z","D2","e3",0.144480680814013,-0.0334310782470925,6,0.248886561952531
"foo","F","A","D1","e3",0.33414426073432,0.140122623710155,4,0.648250170983374
"foo","F","Z","D1","e3",0.156168896472082,0.980997414788642,4,0.870838836920568
"norf","F","Z","D2","e2",0.837774908868596,0.37926455108987,8,0.358961811754853
"bar","B","Z","D2","e2",0.85108168842271,-0.277412140033085,6,2.03496190897169
"bar","F","Z","D2","e2",0.991154689108953,-0.450385951342015,2,1.1214088871655
"bar","F","A","D3","e2",0.981715850532055,-0.168914166583103,7,0.595587999094278
"baz","F","W","D3","e4",0.745237144408748,-1.80070339874063,5,0.742362252466842
"foo","B","W","D1","e1",0.292757081566378,-0.383017071543558,7,0.362109920475632
"foo","B","W","D2","e3",0.306569589534774,1.34160784962914,10,0.189552014693618
"norf","B","W","D3","e3",0.97453206544742,-0.234457044950738,1,1.10465142406048
"foo","B","W","D3","e3",0.850871444679797,-0.759042586645803,7,1.17653231155225
"baz","B","A","D2","e4",0.735186372650787,0.263423839005606,5,1.59995279080215
"foo","F","W","D2","e3",0.0204531492199749,-0.00461351158585918,2,0.118680631138048
"foo","F","A","D2","e4",0.251233744435012,-0.667567937282886,4,0.631547781638801
"baz","F","W","D2","e1",0.667085904860869,-1.08864374850408,3,1.89488934530857
"bar","F","W","D1","e4",0.580614959355444,-0.349204905816137,1,1.67333075209501
"foo","B","W","D1","e4",0.395327238598838,-0.989264987722103,2,0.306817335082413
"foo","B","W","D1","e2",0.983785217162222,-0.878752272326207,4,1.74103168189431
"norf","B","W","D1","e2",0.669179894728586,1.06395883196627,1,0.230045185424387
"bar","B","Z","D2","e2",0.270314511843026,1.79291166421599,2,0.471969708800316
"bar","F","A","D2","e2",0.438467551255599,2.84645906046492,11,1.78362848228755
"bar","F","A","D3","e2",0.371817105449736,-1.40940258389757,3,0.125993964432073
"foo","B","W","D1","e4",0.54029332450591,1.39914769605655,3,1.17595741148562
"bar","F","A","D1","e4",0.268267436651513,0.219795916750764,10,2.56395081231806
"qux","B","Z","D1","e4",0.455897134030238,1.19471783292507,7,1.32405866585196
"foo","F","Z","D1","e1",0.402115523582324,1.09581692600025,4,2.55150494525645
"baz","B","A","D3","e1",0.810731653356925,0.395065649160494,3,0.0440631201536073
"foo","B","A","D1","e4",0.857827504631132,1.17304181891137,4,0.369335780385882
"bar","B","W","D2","e2",0.881872743135318,-1.71393743153727,4,1.78081819034162
"qux","F","W","D1","e3",0.201770215528086,-0.22286167743015,8,2.5400460975847
"qux","B","Z","D1","e4",0.996285829693079,1.33755008119318,3,0.494152947328985
"bar","B","A","D3","e2",0.801676248200238,0.300089597111675,9,2.25637272919033
"foo","B","W","D3","e1",0.776251368923113,0.159165022132928,8,1.12251472096415
"foo","F","A","D1","e4",0.272365786135197,0.569791450439156,7,3.45848661644344
"foo","B","Z","D1","e1",0.726974651217461,-1.52181259465274,0,1.13132606535674
"foo","F","A","D3","e3",0.269458767259493,-1.86651418030005,5,1.04178053415836
"foo","F","W","D3","e3",0.113948019919917,0.644507285529286,8,0.594771825708449
"baz","F","A","D2","e1",0.831720859277993,-0.584982334540754,2,0.596870115492493
"baz","F","W","D1","e3",0.13124527502805,1.4170486174937,4,0.0502708246931434
"bar","B","Z","D2","e1",0.982062253868207,-0.662528999617278,5,0.800414372193527
"qux","B","A","D3","e2",0.412321187090129,-0.00176401608306673,6,3.17916234565859
"norf","B","W","D2","e4",0.597842692397535,1.00051216931339,5,4.03703703524029
"foo","F","W","D1","e1",0.521596658043563,0.870217089749132,7,0.0800547094184519
"baz","B","W","D3","e3",0.402986636385322,-0.563945873408527,6,1.32131260070474
"baz","B","W","D2","e4",0.516359461005777,-0.298636004576727,8,0.649830643087626
"bar","F","Z","D1","e1",0.136693147476763,-1.52314109122083,5,0.575984773691744
"qux","F","A","D2","e3",0.265870151109993,-1.78087264100389,6,3.50357226075089
"bar","B","Z","D2","e4",0.58627051836811,-0.492839595346751,2,2.01679362161996
"qux","B","Z","D3","e2",0.282473013270646,0.104475709485862,2,2.97754263116007
"bar","B","Z","D1","e3",0.831654383102432,1.97918135431139,4,1.78676490504581
"foo","F","W","D2","e1",0.0081505598500371,1.11998107789952,4,0.332232879474759
"bar","B","W","D2","e4",0.256218269933015,-0.207393579140371,6,0.272763829212636
"baz","F","Z","D3","e3",0.595003274735063,0.288376592662117,7,0.221355872694403
"qux","F","A","D2","e2",0.146385943051428,-0.11175913605908,8,0.375300081912428
"baz","F","A","D3","e1",0.708925767336041,-1.44480409631627,5,3.22107103450184
"bar","B","Z","D1","e3",0.990266838343814,0.143445166998981,3,0.0514846436528593
"bar","F","Z","D3","e3",0.292720352998003,0.376808444500944,3,0.800916919344368
"bar","F","W","D1","e2",0.158839392242953,-1.82775788144626,4,0.944757247407599
"bar","B","Z","D2","e4",0.501372939907014,0.224210558017703,4,0.364372204179498
"bar","F","Z","D1","e3",0.0330690960399806,-2.02016664118148,4,2.32089171999192
"bar","F","Z","D2","e1",0.231453547952697,0.860132809183458,4,3.12650608999615
"bar","B","Z","D3","e2",0.764181877952069,0.420675270423897,2,0.251486389432102
"foo","B","A","D2","e4",0.425665728049353,0.317440799812994,5,1.1397694190544
"foo","F","W","D3","e2",0.117931959219277,-0.343018587406626,10,2.23045843090407
"baz","B","W","D3","e1",0.179745343746617,0.660433434676919,4,0.577171044889838
"foo","B","A","D2","e3",0.353790238266811,-0.921831075531067,1,0.0844860123470426
"bar","F","Z","D3","e3",0.625453194370493,-0.207390933984147,8,0.275043167173862
"norf","B","W","D1","e4",0.228861237643287,1.49617003623743,8,1.36080693915011
"qux","B","A","D3","e1",0.330252243438736,0.0419997585733972,3,0.374795103445649
"bar","F","Z","D1","e4",0.657698659226298,1.73280457855671,8,0.439689870458096
"baz","F","Z","D1","e3",0.785283717559651,0.530932601956896,8,0.467378875706345
"baz","F","W","D2","e4",0.849842312280089,0.160146317801965,3,3.20744331909304
"baz","B","W","D1","e3",0.77737205196172,0.516408108039393,4,0.797635017234189
"foo","B","W","D2","e1",0.0923934504389763,-0.0199174576714741,4,0.0388470116935069
"foo","F","Z","D1","e2",0.396102749509737,-2.23690442481136,4,2.5069084445617
"bar","B","A","D1","e2",0.0850085739511997,0.314831873618182,4,0.655309441033751
"foo","B","W","D2","e4",0.431075209286064,-0.123732479762812,5,2.47057768876169
"bar","F","Z","D3","e4",0.931503269588575,-0.511206587947315,9,0.0179188104090954
"baz","B","A","D3","e3",0.721218698425218,0.446519835471607,7,1.17184208608688
"baz","B","W","D2","e3",0.562778238207102,0.843077696534174,7,0.24364434184877
"baz","B","W","D2","e2",0.458162289112806,1.14718593415827,5,1.27347661643745
"bar","B","W","D2","e3",0.620577085530385,0.189503092664933,4,0.0311833820305765
"baz","F","A","D1","e2",0.848047236911952,0.353674832358764,4,0.722626453223539
"bar","F","A","D2","e2",0.719253811985254,-0.112466242048995,8,1.0475930654955
"foo","B","W","D2","e3",0.0210174419917166,-0.324620637738871,11,0.165619966518829
"baz","F","W","D1","e1",0.627016952494159,-0.75428465827976,6,0.220200257375836
"foo","B","A","D1","e4",0.789010026725009,-0.959856631592436,2,0.138138105086452
"foo","F","W","D3","e4",0.698034185683355,-0.102655778005835,5,0.932529853614879
"foo","B","W","D2","e4",0.548583466093987,-0.92984782431531,5,0.00526594781642034
"norf","B","A","D3","e3",0.298283217009157,0.756263755835965,4,1.26900758496941
"bar","B","W","D2","e1",0.55254805739969,-0.307576782949961,7,0.0313983842385746
"bar","F","Z","D3","e1",0.0645828179549426,-1.92207702176091,10,0.579395189240147
"foo","B","Z","D1","e1",0.0257066444028169,0.714409972517756,3,0.797912321942759
"foo","B","Z","D3","e3",0.842209323309362,0.0515434719045055,9,1.42939317776802
"foo","B","Z","D2","e1",0.428463346790522,-0.16353973877187,5,1.28320339411022
"norf","F","A","D1","e2",0.927376548293978,-0.858205034511849,6,1.58222177624903
"norf","B","W","D2","e1",0.625291712814942,0.325166946977241,2,1.11862292329586
"foo","B","A","D2","e1",0.625099790748209,-0.801231256118908,5,0.324111150112003
"bar","F","Z","D2","e2",0.322469073114917,-0.326548231308513,2,0.322190535720438
"baz","B","W","D1","e4",0.855096003971994,1.03966678595242,3,0.213588527754137
"foo","F","A","D1","e1",0.555511879734695,0.407559164731926,6,0.160493106077608
"qux","F","A","D1","e2",0.333863310050219,-1.01990928651454,6,1.71289488644492
"bar","B","W","D1","e4",0.924402396427467,-0.191184929232199,8,1.51702376632931
"norf","B","A","D2","e1",0.935284925391898,-0.718497023301782,6,0.343690893612802
"foo","F","W","D2","e4",0.33991577476263,-0.285341370629428,2,2.54473916242335
"qux","F","A","D1","e4",0.160460040671751,0.304373258638385,1,2.92380635423546
"foo","F","Z","D1","e2",0.601884268689901,0.738590216413022,4,3.00484703464394
"baz","F","W","D1","e3",0.210838079918176,1.78433185406255,7,1.54570084615591
"foo","F","Z","D2","e1",0.51533447066322,0.266093295820396,5,1.33731223172964
"bar","B","Z","D1","e4",0.933004740858451,-1.22054603578997,5,0.391502518535377
"bar","F","W","D3","e2",0.240704177413136,0.272240879427525,3,0.52851819479838
"foo","B","A","D3","e4",0.258709581801668,0.691807218446277,7,0.0252779545262456
"baz","B","A","D2","e3",0.840426548616961,-0.146732434205867,2,0.824647358576667
"bar","F","Z","D3","e1",0.319770175265148,-0.937894361206844,4,1.7047831750566
"qux","F","Z","D3","e1",0.459062697831541,2.72053240253267,5,0.616724246181548
"bar","B","A","D3","e2",0.158571005798876,0.582710966586694,2,1.41663008357231
"qux","F","Z","D2","e2",0.461951791774482,0.757918966896957,7,0.734493851619673
"bar","F","Z","D1","e2",0.185427461285144,-0.0504185936819338,5,0.275600537657738
"foo","F","W","D1","e1",0.546095870900899,0.59961824462577,4,0.956205750773561
"bar","F","W","D3","e1",0.284016018500552,1.03177871010861,9,0.78925432437172
"baz","B","A","D1","e1",0.662483670283109,-0.890507365340236,5,0.386118637863547
"bar","B","W","D1","e1",0.373217287706211,0.81491871602375,3,0.524120401591063
"baz","B","A","D1","e1",0.400694511597976,1.18908115706597,4,0.00874741376445097
"foo","F","W","D3","e3",0.951790851773694,-1.36037279765407,5,0.0933057977817953
"qux","F","A","D3","e1",0.638751961290836,-1.67393868829622,6,0.813757449346495
"foo","B","Z","D2","e3",0.394346442073584,-0.0962187896826438,7,1.79945180742981
"qux","B","A","D2","e3",0.809605744900182,-1.14693252130779,5,0.375806246418506
"foo","B","Z","D2","e1",0.298149125650525,0.574477340218091,1,1.91769576596038
"bar","F","A","D1","e4",0.238415336702019,0.186599540825134,6,0.635135452728719
"baz","F","W","D3","e3",0.465521901845932,-0.408961290123855,4,2.41668507630441
"bar","B","A","D3","e1",0.275325271999463,-0.732306762129646,3,0.288256602717607
"bar","F","W","D3","e3",0.932029222138226,-0.00440505936076956,7,6.54790124028726
"foo","F","W","D3","e3",0.114596687722951,-0.444060045683594,7,0.773004520642471
"foo","F","W","D3","e2",0.210714792832732,1.48821636505849,6,0.185717734042555
"qux","F","Z","D3","e1",0.496447929413989,0.660490981188286,3,0.665541710332036
"norf","B","A","D2","e4",0.178585294866934,-0.352159389836157,5,3.06139066761675
"qux","F","A","D2","e1",0.471998087596148,0.911688109373947,3,0.358533348422498
"bar","F","W","D2","e1",0.902404478285462,0.679607271387402,5,0.104599721729755
"baz","F","W","D2","e4",0.929759028367698,-0.975994805978898,3,3.66853733898556
"bar","B","Z","D3","e3",0.753451958997175,-0.313606248977792,7,0.344198677112764
"qux","B","W","D1","e1",0.722798056667671,-0.489959709001224,3,0.0147694735787809
"norf","F","Z","D2","e4",0.651781359920278,-0.586353891861452,5,0.123515289276838
"bar","B","Z","D2","e4",0.70547554967925,0.0753727456320317,4,0.323476655681346
"qux","B","Z","D2","e1",0.966690096538514,-0.580671255941933,3,0.668075123801827
"baz","F","W","D3","e2",0.248358368873596,0.385308616003632,7,1.03064862261982
"bar","B","W","D2","e4",0.928854462923482,1.72765504242966,8,0.11468738644131
"qux","B","W","D3","e4",0.167992747155949,0.903862742596225,4,1.63263221635463
"bar","F","W","D1","e3",0.693090037908405,0.895516044553037,2,0.301740406148864
"baz","F","W","D2","e4",0.0261898778844625,-0.0521109097151662,6,0.759886146726791
"qux","F","W","D2","e4",0.167526880512014,-0.676722609158407,8,0.101664364337921
"baz","B","Z","D2","e3",0.908189845504239,0.825139890380011,2,0.0235265581868589
"norf","F","A","D3","e1",0.47452270006761,0.309385978431209,11,0.749025745275331
"foo","F","A","D1","e3",0.908952247118577,-0.109536971683563,5,0.0391745673028724
"foo","B","A","D2","e3",0.643963464535773,0.198044572095502,3,0.774898124816728
"foo","B","A","D3","e1",0.943311899900436,1.09336549094299,3,1.73116039290073
"baz","B","A","D1","e2",0.448111523874104,-0.692276839804528,11,0.505011579487473
"foo","B","A","D1","e2",0.522017797222361,0.470089270946141,7,0.773029665396875
"bar","F","A","D1","e1",0.591836063424125,0.256728465733523,8,0.117296411190182
"foo","B","Z","D3","e2",0.0995171302929521,-0.321455960610475,8,0.820689808163337
"foo","B","W","D3","e1",0.342326929327101,0.404015822148231,7,0.603602448478341
"foo","F","W","D1","e2",0.269453949993476,-1.35771242001346,3,0.354318614117801
"foo","F","W","D1","e3",0.26729491353035,0.862869300769607,5,1.1705415554322
"qux","F","W","D1","e2",0.95761036220938,0.562001845713307,6,0.972277818540184
"foo","F","A","D3","e1",0.897757045691833,0.568005874829167,7,0.259556287433952
"baz","F","Z","D2","e2",0.179141928208992,-0.117860495730521,3,0.640119123272598
"bar","B","Z","D3","e1",0.367182709509507,0.269500326733395,5,1.21393736354531
"qux","B","A","D3","e3",0.556201866827905,0.162796741172532,6,0.144650031646521
"bar","F","Z","D2","e4",0.990955924615264,-1.20423276910294,5,0.488645543756368
"foo","F","A","D2","e4",0.0842514715623111,-1.52249509678896,8,0.110902213957161
"foo","B","A","D2","e4",0.148733167676255,-0.958121081369319,1,0.0551732494495809
"norf","F","Z","D2","e4",0.00271700322628021,-0.754921009546934,2,0.532097114250064
"baz","F","W","D2","e1",0.97862467658706,-0.155493925780527,5,0.0212336000616039
"foo","B","W","D3","e3",0.264762680744752,-0.766000314868236,4,1.00384986046711
"bar","B","W","D2","e2",0.444428141461685,1.15254872727242,8,0.616162112448364
"qux","F","Z","D3","e2",0.563839748967439,-0.465279634831533,2,0.207097504753619
"baz","F","Z","D3","e1",0.917076038196683,-0.0205214477700556,4,0.108095393106451
"foo","F","Z","D2","e1",0.937255033291876,-0.710665143571668,6,1.50995094219262
"foo","B","A","D1","e1",0.113089041551575,0.709080029406696,3,0.260966895613819
"baz","F","A","D1","e1",0.469530923524871,1.18921779948466,5,1.47968483032226
"baz","B","A","D3","e3",0.0488192427437752,-0.100366975072247,4,1.70047939746621
"qux","B","W","D3","e2",0.759274893673137,2.19776375363379,5,0.62766723614186
"foo","F","Z","D1","e1",0.972177738323808,1.48685246139345,5,0.247871657917394
"qux","B","W","D3","e2",0.256881405366585,0.19786574793083,7,0.270791336728935
"bar","F","Z","D3","e4",0.0012610643170774,0.620775199456885,3,0.616597965359688
"baz","B","W","D1","e2",0.548085354967043,1.60544378877648,9,5.0730045304487
"qux","F","W","D2","e1",0.723365316865966,-0.843651841393225,9,0.699198003383839
"foo","F","A","D1","e1",0.00575086637400091,0.938296208751205,5,2.56914668331358
"bar","F","W","D1","e2",0.900862178998068,0.709040624299881,3,1.14891818161578
"qux","F","W","D1","e3",0.517825927585363,0.402103710773967,3,0.439109658356756
"bar","F","Z","D1","e2",0.560303421923891,1.66167470507305,4,0.340695293154567
"baz","F","W","D2","e3",0.484784306492656,-1.23783983033454,5,0.376464205794036
"qux","F","A","D2","e2",0.728590802056715,-0.638914418494194,2,0.478781679179519
"foo","F","A","D1","e3",0.11769602377899,0.478390174075962,2,0.320516833569854
"qux","B","W","D3","e1",0.468716819304973,-0.36638072506254,3,0.234298096038401
"bar","B","Z","D3","e4",0.358613927848637,-2.6541255712409,5,1.22205005789297
"foo","F","Z","D3","e3",0.551963747711852,-1.04306275229786,4,0.193763966557748
"bar","B","A","D3","e3",0.308328030630946,1.37680221477048,5,0.121972410939634
"foo","B","A","D2","e2",0.667626166250557,-0.709565855829379,6,4.81104465176292
"baz","F","Z","D1","e4",0.39207327994518,-0.356915802141806,8,1.54804521604421
"baz","F","Z","D1","e1",0.78036973066628,-0.366277273814725,6,0.121577126924872
"bar","F","Z","D2","e2",0.0521944058127701,0.249047263395652,4,2.4870698879144
"bar","F","Z","D1","e2",0.989062489010394,0.392767007060043,4,0.125801306458448
"qux","B","Z","D2","e3",0.123201585141942,0.121083920738356,3,0.0694469209344615
"foo","F","W","D3","e3",0.971168535761535,0.47126792924086,5,0.971796301907917
"bar","B","A","D1","e1",0.260722366394475,-1.10862669609796,5,0.219017804134637
"baz","F","Z","D3","e4",0.874879925511777,0.223920173182457,3,1.27302182182194
"bar","B","W","D3","e1",0.745323076611385,-0.0700157305544958,4,2.1690564990098
"bar","B","Z","D2","e2",0.751071805832908,-0.325149691211678,4,2.07933603032472
"qux","F","Z","D2","e2",0.116394432261586,0.144459201349195,3,0.0434842212125659
"baz","F","W","D2","e4",0.701381960883737,0.0307396361887574,5,3.17111150158529
"baz","B","Z","D2","e2",0.998260891763493,0.234381466534198,3,0.103186978492886
"bar","B","Z","D2","e3",0.176368457032368,-1.96933311061703,1,1.64026082532996
"foo","B","W","D3","e3",0.849190949695185,-0.718302073296502,4,0.714950191729118
"foo","F","A","D1","e4",0.219138536136597,1.22907821064692,8,0.146194500848651
"bar","B","W","D2","e4",0.508143858751282,-1.38864790259163,4,0.478837726637721
"foo","F","Z","D1","e2",0.0163041853811592,-1.16616383579541,7,1.35527149397404
"foo","F","A","D1","e4",0.418816587189212,-0.571415173927894,7,0.865831331038655
"foo","F","A","D2","e3",0.562815546058118,0.593700518502428,10,0.375224409624934
"qux","F","W","D2","e1",0.454036118229851,0.613672630468631,2,0.476759971585125
"qux","B","W","D1","e2",0.407413758803159,0.311238514497683,4,1.51904568860206
"foo","B","W","D2","e1",0.733885477064177,-0.19969221154572,5,0.941792663144779
"foo","B","A","D1","e1",0.538726497907192,-0.0445434532864207,7,1.01407976164938
"baz","B","A","D3","e2",0.0630113056395203,1.00437639364872,5,2.79148229939823
"foo","B","A","D1","e3",0.479660866782069,0.801043459249097,6,0.439504786860198
"qux","B","A","D1","e1",0.236269045155495,-0.782900370343585,5,0.875358443665219
"qux","B","Z","D3","e3",0.181747148744762,0.421388060074352,2,0.322066535707563
"baz","F","A","D2","e3",0.320266586262733,0.474213723055636,9,4.26321818281837
"baz","F","W","D1","e4",0.0686626336537302,0.467621309846215,5,0.0561166784504508
"baz","B","Z","D3","e3",0.262717700796202,0.656248133547652,5,0.0411414273469471
"norf","F","W","D2","e4",0.339019631035626,-0.15573887697256,4,0.206080341245979
"baz","B","A","D2","e1",0.833603948354721,-0.65663489714877,2,0.681206589564681
"bar","F","Z","D3","e2",0.327715082792565,1.56435651789044,3,0.348442692309618
"qux","F","Z","D3","e2",0.935817303368822,0.562851469787243,4,0.079908165615052
"qux","B","W","D2","e2",0.702377201290801,1.69177621029922,3,0.102366043741351
"foo","F","A","D2","e1",0.216332665411755,0.709144137272129,5,1.89744783557
"baz","F","A","D2","e2",0.230521170422435,-0.525842633142499,8,0.107748001813889
"bar","F","Z","D2","e1",0.760708635905758,-0.178407393867229,7,0.529570646118373
"baz","B","A","D1","e2",0.0911520991940051,-1.05472738492318,3,1.88828559770229
"bar","B","Z","D1","e2",0.388517612824216,-0.922098162392896,2,0.547550313174725
"baz","F","A","D2","e2",0.70582468342036,-1.73436323675398,6,1.57451110697331
"bar","F","A","D3","e3",0.93349017878063,1.05303341029188,6,0.389701947104186
"qux","F","W","D3","e3",0.2779449315276,-0.0581499980061373,6,1.05891102975468
"foo","F","Z","D1","e2",0.133360178209841,-1.38878269057291,3,0.190028878626625
"baz","F","A","D3","e3",0.122352188220248,0.31047229271261,5,0.331702143419534
"qux","B","A","D2","e2",0.69959800131619,-1.33370256165767,3,1.96831632769647
"bar","F","W","D1","e2",0.194740139413625,0.250395685220006,7,1.50296559088952
"norf","B","Z","D1","e1",0.18248460884206,-0.879923281876506,7,5.49899320461252
"qux","F","Z","D3","e2",0.119819215964526,2.56553415674691,7,0.649686423595995
"foo","F","W","D1","e3",0.302026313031092,-1.38698869810122,2,2.18301864735615
"baz","B","W","D3","e2",0.120837150607258,-1.56704378293112,5,0.751328108185288
"qux","F","Z","D3","e2",0.622420038795099,-1.63196151607955,5,0.559280181769282
"bar","B","W","D2","e4",0.410567458486184,0.167760199033934,3,0.549892061389983
"foo","B","Z","D2","e2",0.829466609749943,-1.30109509965173,5,0.575559390243143
"baz","F","Z","D2","e4",0.155821988591924,0.462936999778748,4,2.51765235844049
"bar","B","W","D1","e2",0.492287222994491,1.15624486519158,3,3.65992881895459
"qux","F","A","D3","e2",0.63184252474457,1.18754214092892,4,0.482958596199751
"qux","F","Z","D1","e2",0.19096416188404,-1.33522148111558,4,0.0747376190545353
"bar","B","Z","D2","e4",0.683967880904675,0.231969060734174,4,0.267390657498213
"foo","F","W","D3","e2",0.120685947593302,-0.693808236632013,2,0.33595354994759
"bar","F","A","D1","e4",0.743622462032363,0.529907390659802,6,0.897304501828006
"qux","F","A","D3","e4",0.517149872612208,1.92032125075249,5,3.49589358807957
"qux","F","A","D1","e4",0.781997805926949,-1.35807258438245,4,2.68799876595352
"baz","B","W","D3","e3",0.0436960926745087,0.54931261522313,4,0.157500241764425
"foo","B","Z","D1","e1",0.0848819892853498,0.00297158745558569,4,3.22341978533154
"foo","B","A","D2","e1",0.537282088538632,-0.788588313793626,5,1.41109340443256
"bar","B","W","D2","e1",0.820372625486925,2.24795419476034,9,1.11821316851975
"bar","F","Z","D3","e2",0.846829402260482,-0.356981210513237,4,0.849315019815165
"norf","F","A","D2","e4",0.773638069396839,-0.829857014480409,6,2.27092007064338
"baz","B","A","D2","e4",0.870139760896564,-0.225866199714504,6,1.01299470752002
"bar","B","W","D2","e2",0.759019680088386,0.0483329438914507,6,0.0140811013989151
"foo","F","A","D1","e3",0.0734909668099135,0.618310043255655,1,0.136940726079047
"bar","B","W","D1","e3",0.209886815631762,-1.19719574968542,2,1.5010891984308
"foo","F","W","D2","e2",0.655519546242431,-0.17045247723245,3,0.436383015526476
"baz","F","Z","D1","e4",0.503103671362624,-1.14808967184528,2,1.01531862835856
"baz","F","A","D2","e2",0.33450823626481,-0.565560674106675,3,0.727692249189031
"qux","B","W","D1","e2",0.0122363267000765,0.657113300242095,4,1.97457823327573
"qux","B","W","D2","e2",0.431327131111175,0.641657622106065,5,0.921307721133244
"foo","B","A","D3","e1",0.549515088554472,-0.866450919246713,4,1.74436253673377
"foo","B","W","D1","e1",0.610340937040746,0.487787636380051,4,3.8884143138018
"foo","F","A","D2","e2",0.990911420434713,-0.757618294212224,5,1.2222952376631
"qux","F","A","D3","e3",0.0188930057920516,0.311745702539367,3,0.491322809830308
"baz","F","A","D3","e1",0.708318779943511,1.1382049523532,4,1.10642629112573
"foo","B","Z","D2","e4",0.793117073131725,-0.535554868847929,7,0.668784224428236
"bar","B","W","D1","e3",0.172083155019209,-2.11474068684571,8,0.358259025029838
"baz","F","Z","D1","e1",0.418529682559893,1.3899655879168,8,0.31075425755106
"qux","B","Z","D3","e1",0.75049723056145,-0.928024293357042,4,0.402806548867375
"baz","F","W","D1","e4",0.62066970882006,2.15452451968468,5,1.24225258823009
"baz","F","Z","D1","e3",0.899426530348137,-0.96789162715551,3,0.980276908683491
"norf","B","A","D2","e4",0.440487656509504,0.437021812731751,5,1.13878474100949
"baz","B","A","D1","e4",0.74751346046105,2.213176615635,9,0.313602969715211
"bar","F","Z","D3","e3",0.618506395258009,-0.818442844562475,5,0.433310954831541
"baz","F","A","D3","e3",0.602381725329906,0.429694992451228,4,0.350362801458687
"norf","B","W","D2","e1",0.17355916602537,0.000675018377697647,2,0.64478969341144
"qux","B","A","D1","e3",0.602337974822149,3.11957696254105,7,0.146143864279661
"baz","B","W","D1","e2",0.980187354143709,0.423479068579251,6,0.643576404079795
"bar","B","A","D1","e2",0.234016162343323,-0.805003662099951,6,2.13416513229225
"foo","F","Z","D2","e4",0.934137980220839,1.26013656331894,11,0.236634962766709
"bar","F","W","D3","e2",0.168049526633695,0.112964739681886,5,0.0225479058852138
"foo","F","A","D2","e3",0.982284778030589,1.00701835479029,2,2.74873881960723
"baz","B","A","D1","e4",0.9042204155121,-0.459753756193474,11,0.00557500822469592
"baz","F","A","D1","e3",0.880996488500386,1.59364805107484,6,0.35107105365023
"baz","B","W","D2","e2",0.909372441237792,-0.333545621862184,6,0.175887464545667
"bar","B","W","D2","e1",0.436192749533802,0.0737654762359326,5,1.10667662877114
"foo","B","Z","D3","e1",0.74077222100459,-0.259912692166349,9,0.506300243549049
"foo","B","A","D2","e4",0.284110565437004,-0.914392537452226,3,0.35981633933261
"baz","B","A","D3","e4",0.503345558186993,-2.11870000938563,3,2.30388474768806
"foo","F","A","D3","e4",0.812053472269326,-1.11503168816359,1,0.0991942923523633
"qux","F","Z","D2","e3",0.49880817392841,-0.318841924435372,1,1.27385796043546
"foo","B","Z","D2","e2",0.648435934446752,-1.26377008861494,5,0.482262243051082
"bar","F","W","D2","e2",0.665934394812211,0.459174140923813,2,4.00888221503651
"qux","B","W","D3","e1",0.118643812136725,-0.0300842081423859,2,0.310689127072692
"foo","B","W","D3","e3",0.511574627831578,1.05776042554772,5,0.0300244259887402
"foo","B","W","D1","e2",0.509990774095058,1.44901270742768,6,0.178616049233824
"baz","B","A","D3","e4",0.509441316360608,0.358901705829222,4,1.26338750988489
"bar","F","A","D1","e2",0.227343879407272,0.751407923231069,10,0.959626967045379
"bar","F","W","D3","e4",0.942087894771248,0.0421271429175746,6,1.98636108069661
"norf","B","W","D2","e4",0.887473686598241,0.509206668410324,8,0.558998799882829
"foo","B","Z","D1","e1",0.991019929526374,-0.0612939021510964,4,1.31615298702837
